{
    "beta": -0.7300000190734863,
    "id": 18,
    "no_switch_delay_in_ms": 20,
    "num_of_peak_conf_samples": 5,
    "relay_amp": 0.05999999865889549
}
