{
    "anti_windup": 0.0,
    "dt": 0.004999999888241291,
    "en_pv_derivation": 1,
    "id": 3,
    "kd": -0.166,
    "kdd": 0.0,
    "ki": 0.0,
    "kp": 0.84650002
}
