{
    "hear_hexa": [
    [-1,    0,          1,     1],
    [ 1,    0,         -1,     1],
    [ 0.5, -0.866025,   1,     1],
    [-0.5,  0.866025,  -1,     1],
    [-0.5, -0.866025,  -1,     1],
    [ 0.5,  0.866025,   1,     1]],
    "px4_octa_coax_holybro_kopis": [
    [ -0.707107,   0.707107,   1,     1],
    [ -0.707107,  -0.707107,  -1,     1],
    [  0.707107,   0.707107,  -1,     1],
    [  0.707107,  -0.707107,   1,     1],
    [ -0.707107,   0.707107,   1,     1],
    [ -0.707107,  -0.707107,  -1,     1],
    [  0.707107,   0.707107,  -1,     1],
    [  0.707107,  -0.707107,   1,     1]],
    "px4_octa_coax_DFL_Stroke": [
    [ -0.707107,  -0.707107,  -1,     1],
    [  0.707107,  -0.707107,   1,     1],
    [  0.707107,   0.707107,  -1,     1],
    [ -0.707107,   0.707107,   1,     1],
    [  0.707107,  -0.707107,  -1,     1],
    [ -0.707107,  -0.707107,   1,     1],
    [ -0.707107,   0.707107,  -1,     1],
    [  0.707107,   0.707107,   1,     1]],
    "hear_quad": [
        [ 0.707107, -0.707107,  1, 1],
        [-0.707107,  0.707107,  1, 1],
        [-0.707107, -0.707107, -1, 1],
        [ 0.707107,  0.707107, -1, 1]],
    "px4_hexa":[
        [-1,    0,          1,     1],
        [ 1,    0,         -1,     1],
        [ 0.5, -0.866025,   1,     1],
        [-0.5,  0.866025,  -1,     1],
        [-0.5, -0.866025,  -1,     1],
        [ 0.5,  0.866025,   1,     1]],
    "px4_quad_3in_kopis": [
        [-0.707107,  0.707107,   1, 1],
        [-0.707107, -0.707107,  -1, 1],
        [ 0.707107,  0.707107,  -1, 1],
        [ 0.707107, -0.707107,   1, 1]],
    "px4_ctbr": [
        [1,    0,          0,     0],
        [0,    -1,         0,     0],
        [0,    0,          -1,    0],
        [0,    0,          0,     1]],
    "px4_quad": [
        [-0.707107, -0.707107,  -1, 1],
        [ 0.707107,  0.707107,  -1, 1],
        [ 0.707107, -0.707107, 1, 1],
        [-0.707107,  0.707107, 1, 1]],
    "tri_front_tilt": [
        [ 0.0, -0.7071,   0.0, 1.0000],
        [-0.7071,  0.4321,   0, 0.89],
        [ 0.7071,  0.4321,   0, 0.89],
        [ 0.0,  0.0,      1.0, 0]],
    "tri_back_diff_tilt": [
            [ 0.0, -0.7071,   0, 1.0000],
            [-0.7071,  0.4321,   0, 1.0],
            [ 0.7071,  0.4321,   0, 1.0],
            [ 0.0,  0.0,     -1.0, 0],
            [ 0.0,  0.0,     1.0, 0]],
    "tri_vanes": [
            [ 0.0, -0.7071,   0, 1.0000],
            [-0.7071,  0.4321,   0, 1.0],
            [ 0.7071,  0.4321,   0, 1.0],
            [ 0.0,  0.0,     -1.0, 0],
            [ 0.0,  0.0,     1.0, 0],
            [ 0.0,  0.0,     -1.0, 0],
            [ 0.0,  0.0,     1.0, 0]],
    "tri_vanes_w_fwd": [
            [ 0.0, -0.7071,   0, 1.0000,0.0],
            [-0.7071,  0.4321,   0, 1.0,0.0],
            [ 0.7071,  0.4321,   0, 1.0,0.0],
            [ 0.0,  0.0,     -1.0, 0,1.0],
            [ 0.0,  0.0,     -1.0, 0,-1.0],
            [ 0.0,  0.0,     -1.0, 0,1.0],
            [ 0.0,  0.0,     1.0, 0,1.0]],
    "TriCopterKU_vtol_manual_control_gain_positive": [
        [ 0.0, -0.7071,   0, 0.7614,0.0],
        [-0.7071,  0.5051,   0, 1.0,0.0],
        [ 0.7071,  0.5051,   0, 1.0,0.0],
        [ 0.0,  0.0,     1.0, 0,0.0],
        [ 0.0,  0.0,     1.0, 0,0.0],
        [ 0.0,  0.0,     -0.66, 0,0.66],
        [ 0.0,  0.0,    0.66, 0,0.66],
        [ 0.0,  0.0,     0.0, 0,-0.3],
        [ 0.0,  0.0,   -1.0, 0.0,0.0]],
    "TriCopterKU_vtol_manual_control_gain_negative": [
        [ 0.0, -0.7071,   0, 0.7614,0.0],
        [-0.7071,  0.5051,   0, 1.0,0.0],
        [ 0.7071,  0.5051,   0, 1.0,0.0],
        [ 0.0,  0.0,     1.0, 0,0.0],
        [ 0.0,  0.0,     1.0, 0,0.0],
        [ 0.0,  0.0,     -0.66, 0,0.66],
        [ 0.0,  0.0,    0.66, 0,0.66],
        [ 0.0,  0.0,     0.0, 0,-0.3],
        [ 0.0,  0.0,   -1.0, 0.0,0.0]],
    "TriCopterKU_vtol_manual_control_plane_gain_positive": [
        [ 0.0, 0.0,    0.0, 1.0,0.0],
        [0.0,  0.0,    0.0, 0.0,0.0],
        [ 0.0,  0.0,   0.0, 0.0,0.0],
        [ 1.5,   1.5,  0.0, 0.0,0.0],
        [ 1.5,  -1.5,  0.0, 0.0,0.0],
        [ 0.0,  0.0,  0.0, 0.0,0.0],
        [ 0.0,  0.0,   0.0, 0.0,0.0],
        [ 0.0,  0.0,   0.0, 0.0,0.0],
        [ 0.0,  0.0,   -1.0, 0.0,0.0]],
    "TriCopterKU_vtol_manual_control_plane_gain_negative": [
        [ 0.0, 0.0,    0.0, 1.0,0.0],
        [0.0,  0.0,    0.0, 0.0,0.0],
        [ 0.0,  0.0,   0.0, 0.0,0.0],
        [ 1.5,   1.5,  0.0, 0.0,0.0],
        [ 1.5,  -1.5,  0.0, 0.0,0.0],
        [ 0.0,  0.0,  0.0, 0.0,0.0],
        [ 0.0,  0.0,   0.0, 0.0,0.0],
        [ 0.0,  0.0,   0.0, 0.0,0.0],
        [ 0.0,  0.0,   -1.0, 0.0,0.0]]
}
