{
  "minimum_actuator_cmds": [
    0,
    0,
    0,
    -0.5,
    0,
    -0.31944444444444442,
    -0.31944444444444448,
    -0.12605042016806722,
    -0.489010989010989,
    -0.49390243902439024
  ],
  "maximum_actuator_cmds": [
    1,
    1,
    1,
    0.5,
    0,
    0.31944444444444442,
    0.31944444444444442,
    0.87394957983193278,
    0.510989010989011,
    0.50609756097560976
  ],
  "idle_io_cmds": [
    0,
    0,
    0,
    0.5,
    0.5,
    0.31944444444444442,
    0.68055555555555558,
    0.12605042016806722,
    0.489010989010989,
    0.49390243902439024,
    0,
    0
  ],
  "disarmed_io_cmds": [
    0,
    0,
    0,
    0.5,
    0.5,
    0.31944444444444442,
    0.68055555555555558,
    0.12605042016806722,
    0.489010989010989,
    0.49390243902439024,
    0,
    0
  ],
  "minimum_io_range": [
    0,
    0,
    0,
    0,
    0,
    0,
    0.3611111111111111,
    0,
    0,
    0,
    0,
    0
  ],
  "maximum_io_range": [
    1,
    1,
    1,
    1,
    0,
    0.63888888888888884,
    1,
    1,
    1,
    1,
    0,
    0
  ],
  "minimum_angle_deg_vtol": [
    0,
    0,
    0,
    -15,
    -15,
    -40,
    -40,
    -10,
    0,
    0,
    0,
    0
  ],
  "maximum_angle_deg_vtol": [
    0,
    0,
    0,
    15,
    15,
    40,
    40,
    60,
    0,
    0,
    0,
    0
  ],
  "minimum_actuator_cmds_plane": [
    0,
    0,
    0,
    -0.5,
    0,
    -0.31944444444444442,
    -0.31944444444444448,
    -0.12605042016806722,
    -0.489010989010989,
    -0.49390243902439024
  ],
  "maximum_actuator_cmds_plane": [
    1,
    1,
    1,
    0.5,
    0,
    0.31944444444444442,
    0.31944444444444442,
    0.87394957983193278,
    0.510989010989011,
    0.50609756097560976
  ],
  "minimum_io_range_plane": [
    0,
    0,
    0,
    0,
    0,
    0,
    0.3611111111111111,
    0,
    0,
    0,
    0,
    0
  ],
  "maximum_io_range_plane": [
    1,
    1,
    1,
    1,
    0,
    0.63888888888888884,
    1,
    1,
    1,
    1,
    0,
    0
  ],
  "yaw_saturation": [
    6,
    -6,
    0
  ],
  "act_allocation": "TriCopterKU_vtol_manual_control",
  "running_target": "RPI_UBUNTU20"
}